reference,name,category,description,price,promo,discount,image,featured,active
ML-WA-001,Lampe de table design métal,Ampoules & lampes,Lampe de table design métal. Visuel produit MAGIC LIGHT.,,False,0,/assets/products/wa-2026-10/001_lampe-de-table-design-metal.jpeg,False,True
ML-WA-002,Lampes de table colorées style champignon,Ampoules & lampes,Lampes de table colorées style champignon. Visuel produit MAGIC LIGHT.,,False,0,/assets/products/wa-2026-10/002_lampes-de-table-colorees-style-champignon.jpeg,False,True
ML-WA-003,Lampe de table décorative cristal,Ampoules & lampes,Lampe de table décorative cristal. Visuel produit MAGIC LIGHT.,,False,0,/assets/products/wa-2026-10/003_lampe-de-table-decorative-cristal.jpeg,False,True
ML-WA-004,Lampes de table noir & blanc,Ampoules & lampes,Lampes de table noir & blanc. Visuel produit MAGIC LIGHT.,,False,0,/assets/products/wa-2026-10/004_lampes-de-table-noir-blanc.jpeg,False,True
ML-WA-005,Lampe de table finition fumée,Ampoules & lampes,Lampe de table finition fumée. Visuel produit MAGIC LIGHT.,,False,0,/assets/products/wa-2026-10/005_lampe-de-table-finition-fumee.jpeg,False,True
ML-WA-006,Lampe de table bois,Ampoules & lampes,Lampe de table bois. Visuel produit MAGIC LIGHT.,,False,0,/assets/products/wa-2026-10/006_lampe-de-table-bois.jpeg,False,True
ML-WA-007,Lampe de bureau orientable,Ampoules & lampes,Lampe de bureau orientable. Visuel produit MAGIC LIGHT.,,False,0,/assets/products/wa-2026-10/007_lampe-de-bureau-orientable.jpeg,False,True
ML-WA-010,Lampe LED de table — 3 couleurs,Ampoules & lampes,Lampe LED de table — 3 couleurs. Visuel produit MAGIC LIGHT.,,False,0,/assets/products/wa-2026-10/010_lampe-led-de-table-3-couleurs.jpeg,False,True
ML-WA-012,Lampes de bureau colorées,Ampoules & lampes,Lampes de bureau colorées. Visuel produit MAGIC LIGHT.,,False,0,/assets/products/wa-2026-10/012_lampes-de-bureau-colorees.jpeg,False,True
ML-WA-014,Lampe solaire camping / pêche,Éclairage solaire,Lampe solaire camping / pêche. Visuel produit MAGIC LIGHT.,,False,0,/assets/products/wa-2026-10/014_lampe-solaire-camping-peche.jpeg,False,True
ML-WA-015,Caméra solaire 4G,Sécurité & surveillance,Caméra solaire 4G. Visuel produit MAGIC LIGHT.,,False,0,/assets/products/wa-2026-10/015_camera-solaire-4g.jpeg,False,True
ML-WA-016,Projecteur LED portable rechargeable,Éclairage professionnel,Projecteur LED portable rechargeable. Visuel produit MAGIC LIGHT.,,False,0,/assets/products/wa-2026-10/016_projecteur-led-portable-rechargeable.jpeg,False,True
ML-WA-018,Lampe de table modèle 511-10-4,Ampoules & lampes,Lampe de table modèle 511-10-4. Visuel produit MAGIC LIGHT.,,False,0,/assets/products/wa-2026-10/018_lampe-de-table-modele-511-10-4.jpeg,False,True
ML-WA-019,Éclairage d'ambiance camping RGB,Éclairage professionnel,Éclairage d'ambiance camping RGB. Visuel produit MAGIC LIGHT.,,False,0,/assets/products/wa-2026-10/019_eclairage-d-ambiance-camping-rgb.jpeg,False,True
ML-WA-020,Caméra Wi‑Fi intérieure,Sécurité & surveillance,Caméra Wi‑Fi intérieure. Visuel produit MAGIC LIGHT.,,False,0,/assets/products/wa-2026-10/020_camera-wifi-interieure.jpeg,False,True
ML-WA-021,Caméra Wi‑Fi panoramique,Sécurité & surveillance,Caméra Wi‑Fi panoramique. Visuel produit MAGIC LIGHT.,,False,0,/assets/products/wa-2026-10/021_camera-wifi-panoramique.jpeg,False,True
ML-WA-022,Lampe COB x2 télécommandée,Éclairage professionnel,Lampe COB x2 télécommandée. Visuel produit MAGIC LIGHT.,,False,0,/assets/products/wa-2026-10/022_lampe-cob-x2-telecommandee.jpeg,False,True
ML-WA-023,Spot LED sur piquet pour jardin,Spots & Downlights,Spot LED sur piquet pour jardin. Visuel produit MAGIC LIGHT.,,False,0,/assets/products/wa-2026-10/023_spot-led-sur-piquet-pour-jardin.jpeg,False,True
ML-WA-025,Plafonnier LED décoratif rond,Éclairage professionnel,Plafonnier LED décoratif rond. Visuel produit MAGIC LIGHT.,,False,0,/assets/products/wa-2026-10/025_plafonnier-led-decoratif-rond.jpeg,False,True
ML-WA-026,Spots orientables EKOLED,Spots & Downlights,Spots orientables EKOLED. Visuel produit MAGIC LIGHT.,,False,0,/assets/products/wa-2026-10/026_spots-orientables-ekoled.jpeg,False,True
ML-WA-027,Spot encastrable décoratif — Promo,Spots & Downlights,Spot encastrable décoratif — Promo. Visuel produit MAGIC LIGHT.,,False,0,/assets/products/wa-2026-10/027_spot-encastrable-decoratif-promo.jpeg,False,True
ML-WA-028,Projecteur LED extérieur IP66,Éclairage professionnel,Projecteur LED extérieur IP66. Visuel produit MAGIC LIGHT.,,False,0,/assets/products/wa-2026-10/028_projecteur-led-exterieur-ip66.jpeg,False,True
ML-WA-029,Applique murale LED design X,Éclairage extérieur,Applique murale LED design X. Visuel produit MAGIC LIGHT.,,False,0,/assets/products/wa-2026-10/029_applique-murale-led-design-x.jpeg,False,True
ML-WA-030,Applique murale carrée IP65,Éclairage extérieur,Applique murale carrée IP65. Visuel produit MAGIC LIGHT.,,False,0,/assets/products/wa-2026-10/030_applique-murale-carree-ip65.jpeg,False,True
ML-WA-031,Lampe UV / éclairage violet,Éclairage professionnel,Lampe UV / éclairage violet. Visuel produit MAGIC LIGHT.,,False,0,/assets/products/wa-2026-10/031_lampe-uv-eclairage-violet.jpeg,False,True
ML-WA-032,Lampe solaire murale avec radar,Éclairage solaire,Lampe solaire murale avec radar. Visuel produit MAGIC LIGHT.,,False,0,/assets/products/wa-2026-10/032_lampe-solaire-murale-avec-radar.jpeg,False,True
ML-WA-035,Spot encastrable RGB multicolore,Spots & Downlights,Spot encastrable RGB multicolore. Visuel produit MAGIC LIGHT.,,False,0,/assets/products/wa-2026-10/035_spot-encastrable-rgb-multicolore.jpeg,False,True
ML-WA-036,Kit ruban LED RGB,Rubans & RGB,Kit ruban LED RGB. Visuel produit MAGIC LIGHT.,,False,0,/assets/products/wa-2026-10/036_kit-ruban-led-rgb.jpeg,False,True
ML-WA-037,Lampe décorative boule RGB,Décoration lumineuse,Lampe décorative boule RGB. Visuel produit MAGIC LIGHT.,,False,0,/assets/products/wa-2026-10/037_lampe-decorative-boule-rgb.jpeg,False,True
ML-WA-038,Réglette LED étanche IP65,Éclairage professionnel,Réglette LED étanche IP65. Visuel produit MAGIC LIGHT.,,False,0,/assets/products/wa-2026-10/038_reglette-led-etanche-ip65.jpeg,False,True
ML-WA-039,Appliques murales géométriques,Éclairage extérieur,Appliques murales géométriques. Visuel produit MAGIC LIGHT.,,False,0,/assets/products/wa-2026-10/039_appliques-murales-geometriques.jpeg,False,True
ML-WA-040,Applique LED extérieure ronde / ovale,Éclairage extérieur,Applique LED extérieure ronde / ovale. Visuel produit MAGIC LIGHT.,,False,0,/assets/products/wa-2026-10/040_applique-led-exterieure-ronde-ovale.jpeg,False,True
ML-WA-041,Éclairage mural encastré extérieur,Éclairage extérieur,Éclairage mural encastré extérieur. Visuel produit MAGIC LIGHT.,,False,0,/assets/products/wa-2026-10/041_eclairage-mural-encastre-exterieur.jpeg,False,True
ML-WA-043,Applique murale LED décorative ronde,Éclairage extérieur,Applique murale LED décorative ronde. Visuel produit MAGIC LIGHT.,,False,0,/assets/products/wa-2026-10/043_applique-murale-led-decorative-ronde.jpeg,False,True
ML-WA-044,Spot / applique extérieure CHILLIGO,Éclairage extérieur,Spot / applique extérieure CHILLIGO. Visuel produit MAGIC LIGHT.,,False,0,/assets/products/wa-2026-10/044_spot-applique-exterieure-chilligo.jpeg,False,True
ML-WA-045,Spot solaire jardin RGB,Éclairage solaire,Spot solaire jardin RGB. Visuel produit MAGIC LIGHT.,,False,0,/assets/products/wa-2026-10/045_spot-solaire-jardin-rgb.jpeg,False,True
ML-WA-048,Applique murale classique cristal,Éclairage extérieur,Applique murale classique cristal. Visuel produit MAGIC LIGHT.,,False,0,/assets/products/wa-2026-10/048_applique-murale-classique-cristal.jpeg,False,True
ML-WA-049,Applique murale LED design moderne,Éclairage extérieur,Applique murale LED design moderne. Visuel produit MAGIC LIGHT.,,False,0,/assets/products/wa-2026-10/049_applique-murale-led-design-moderne.jpeg,False,True
ML-WA-050,Interphone vidéo,Sécurité & surveillance,Interphone vidéo. Visuel produit MAGIC LIGHT.,,False,0,/assets/products/wa-2026-10/050_interphone-video.jpeg,False,True
ML-WA-051,Intercom Doorbell RL B-320BA,Sécurité & surveillance,Intercom Doorbell RL B-320BA. Visuel produit MAGIC LIGHT.,,False,0,/assets/products/wa-2026-10/051_intercom-doorbell-rl-b-320ba.jpeg,False,True
ML-WA-052,Spot encastrable LED COB,Spots & Downlights,Spot encastrable LED COB. Visuel produit MAGIC LIGHT.,,False,0,/assets/products/wa-2026-10/052_spot-encastrable-led-cob.jpeg,False,True
ML-WA-053,Ampoule RGB avec télécommande / musique,Éclairage professionnel,Ampoule RGB avec télécommande / musique. Visuel produit MAGIC LIGHT.,,False,0,/assets/products/wa-2026-10/053_ampoule-rgb-avec-telecommande-musique.jpeg,False,True
ML-WA-055,Spot LED extérieur sur piquet,Spots & Downlights,Spot LED extérieur sur piquet. Visuel produit MAGIC LIGHT.,,False,0,/assets/products/wa-2026-10/055_spot-led-exterieur-sur-piquet.jpeg,False,True
ML-WA-056,Downlight encastrable noir / blanc,Spots & Downlights,Downlight encastrable noir / blanc. Visuel produit MAGIC LIGHT.,,False,0,/assets/products/wa-2026-10/056_downlight-encastrable-noir-blanc.jpeg,False,True
ML-WA-057,Applique murale extérieure cylindrique,Éclairage extérieur,Applique murale extérieure cylindrique. Visuel produit MAGIC LIGHT.,,False,0,/assets/products/wa-2026-10/057_applique-murale-exterieure-cylindrique.jpeg,False,True
ML-WA-059,Applique murale LED rectangulaire,Éclairage extérieur,Applique murale LED rectangulaire. Visuel produit MAGIC LIGHT.,,False,0,/assets/products/wa-2026-10/059_applique-murale-led-rectangulaire.jpeg,False,True
ML-WA-060,Spot secours / lampe de secours LED,Éclairage professionnel,Spot secours / lampe de secours LED. Visuel produit MAGIC LIGHT.,,False,0,/assets/products/wa-2026-10/060_spot-secours-lampe-de-secours-led.jpeg,False,True
ML-WA-061,Plafonnier LED 4 pétales,Éclairage professionnel,Plafonnier LED 4 pétales. Visuel produit MAGIC LIGHT.,,False,0,/assets/products/wa-2026-10/061_plafonnier-led-4-petales.jpeg,False,True
ML-WA-062,Applique extérieure double cylindre,Éclairage extérieur,Applique extérieure double cylindre. Visuel produit MAGIC LIGHT.,,False,0,/assets/products/wa-2026-10/062_applique-exterieure-double-cylindre.jpeg,False,True
ML-WA-063,Suspension moderne globe,Lustres & suspensions,Suspension moderne globe. Visuel produit MAGIC LIGHT.,,False,0,/assets/products/wa-2026-10/063_suspension-moderne-globe.jpeg,False,True
ML-WA-064,Ampoules LED colorées,Éclairage professionnel,Ampoules LED colorées. Visuel produit MAGIC LIGHT.,,False,0,/assets/products/wa-2026-10/064_ampoules-led-colorees.jpeg,False,True
ML-WA-066,Applique extérieure cylindre up/down,Éclairage extérieur,Applique extérieure cylindre up/down. Visuel produit MAGIC LIGHT.,,False,0,/assets/products/wa-2026-10/066_applique-exterieure-cylindre-up-down.jpeg,False,True
ML-WA-067,Applique murale cube à faisceaux,Éclairage extérieur,Applique murale cube à faisceaux. Visuel produit MAGIC LIGHT.,,False,0,/assets/products/wa-2026-10/067_applique-murale-cube-a-faisceaux.jpeg,False,True
ML-WA-068,Suspension moderne anneau,Lustres & suspensions,Suspension moderne anneau. Visuel produit MAGIC LIGHT.,,False,0,/assets/products/wa-2026-10/068_suspension-moderne-anneau.jpeg,False,True
ML-WA-069,Suspension LED trois anneaux,Lustres & suspensions,Suspension LED trois anneaux. Visuel produit MAGIC LIGHT.,,False,0,/assets/products/wa-2026-10/069_suspension-led-trois-anneaux.jpeg,False,True
ML-WA-070,Humidificateur / diffuseur d'arômes,Décoration lumineuse,Humidificateur / diffuseur d'arômes. Visuel produit MAGIC LIGHT.,,False,0,/assets/products/wa-2026-10/070_humidificateur-diffuseur-d-aromes.jpeg,False,True
ML-WA-071,Lampe décorative globe rouge,Décoration lumineuse,Lampe décorative globe rouge. Visuel produit MAGIC LIGHT.,,False,0,/assets/products/wa-2026-10/071_lampe-decorative-globe-rouge.jpeg,False,True
ML-WA-072,Lanterne LED décorative effet feu,Décoration lumineuse,Lanterne LED décorative effet feu. Visuel produit MAGIC LIGHT.,,False,0,/assets/products/wa-2026-10/072_lanterne-led-decorative-effet-feu.jpeg,False,True
ML-WA-073,Applique murale extérieure à lamelles,Éclairage extérieur,Applique murale extérieure à lamelles. Visuel produit MAGIC LIGHT.,,False,0,/assets/products/wa-2026-10/073_applique-murale-exterieure-a-lamelles.jpeg,False,True
ML-WA-074,Ampoule LED maïs 3 températures,Éclairage professionnel,Ampoule LED maïs 3 températures. Visuel produit MAGIC LIGHT.,,False,0,/assets/products/wa-2026-10/074_ampoule-led-mais-3-temperatures.jpeg,False,True
ML-WA-075,Spot sur rail finition dorée,Spots & Downlights,Spot sur rail finition dorée. Visuel produit MAGIC LIGHT.,,False,0,/assets/products/wa-2026-10/075_spot-sur-rail-finition-doree.jpeg,False,True
ML-WA-076,Suspension triple style moderne,Lustres & suspensions,Suspension triple style moderne. Visuel produit MAGIC LIGHT.,,False,0,/assets/products/wa-2026-10/076_suspension-triple-style-moderne.jpeg,False,True
ML-WA-077,Spot LED décoratif effet étoile,Spots & Downlights,Spot LED décoratif effet étoile. Visuel produit MAGIC LIGHT.,,False,0,/assets/products/wa-2026-10/077_spot-led-decoratif-effet-etoile.jpeg,False,True
ML-WA-078,Horloge murale décorative,Décoration lumineuse,Horloge murale décorative. Visuel produit MAGIC LIGHT.,,False,0,/assets/products/wa-2026-10/078_horloge-murale-decorative.jpeg,False,True
ML-WA-079,Flex LED néon 12 mm,Rubans & RGB,Flex LED néon 12 mm. Visuel produit MAGIC LIGHT.,,False,0,/assets/products/wa-2026-10/079_flex-led-neon-12-mm.jpeg,False,True
ML-WA-080,Applique murale de chevet double,Éclairage extérieur,Applique murale de chevet double. Visuel produit MAGIC LIGHT.,,False,0,/assets/products/wa-2026-10/080_applique-murale-de-chevet-double.jpeg,False,True
ML-WA-081,Chargeur solaire portable,Éclairage solaire,Chargeur solaire portable. Visuel produit MAGIC LIGHT.,,False,0,/assets/products/wa-2026-10/081_chargeur-solaire-portable.jpeg,False,True
ML-WA-082,Ampoule LED G4 12V,Éclairage professionnel,Ampoule LED G4 12V. Visuel produit MAGIC LIGHT.,,False,0,/assets/products/wa-2026-10/082_ampoule-led-g4-12v.jpeg,False,True
ML-WA-083,Spot LED RGB 2-en-1 avec télécommande,Spots & Downlights,Spot LED RGB 2-en-1 avec télécommande. Visuel produit MAGIC LIGHT.,,False,0,/assets/products/wa-2026-10/083_spot-led-rgb-2-en-1-avec-telecommande.jpeg,False,True
ML-WA-084,Suspension ampoule corde,Lustres & suspensions,Suspension ampoule corde. Visuel produit MAGIC LIGHT.,,False,0,/assets/products/wa-2026-10/084_suspension-ampoule-corde.jpeg,False,True
ML-WA-085,Ampoule LED tubulaire E27,Éclairage professionnel,Ampoule LED tubulaire E27. Visuel produit MAGIC LIGHT.,,False,0,/assets/products/wa-2026-10/085_ampoule-led-tubulaire-e27.jpeg,False,True
ML-WA-089,Lampadaire solaire 600W,Éclairage solaire,Lampadaire solaire 600W. Visuel produit MAGIC LIGHT.,,False,0,/assets/products/wa-2026-10/089_lampadaire-solaire-600w.jpeg,False,True
ML-WA-092,Lampes de table style champignon,Ampoules & lampes,Lampes de table style champignon. Visuel produit MAGIC LIGHT.,,False,0,/assets/products/wa-2026-10/092_lampes-de-table-style-champignon.jpeg,False,True
ML-WA-093,Lampes de table métal — 4 couleurs,Ampoules & lampes,Lampes de table métal — 4 couleurs. Visuel produit MAGIC LIGHT.,,False,0,/assets/products/wa-2026-10/093_lampes-de-table-metal-4-couleurs.jpeg,False,True
ML-WA-094,Lampe décorative astronaute,Ampoules & lampes,Lampe décorative astronaute. Visuel produit MAGIC LIGHT.,,False,0,/assets/products/wa-2026-10/094_lampe-decorative-astronaute.jpeg,False,True
ML-WA-095,Lampes de table céramique — 2 couleurs,Ampoules & lampes,Lampes de table céramique — 2 couleurs. Visuel produit MAGIC LIGHT.,,False,0,/assets/products/wa-2026-10/095_lampes-de-table-ceramique-2-couleurs.jpeg,False,True
ML-WA-096,Lampes de table design personnage,Ampoules & lampes,Lampes de table design personnage. Visuel produit MAGIC LIGHT.,,False,0,/assets/products/wa-2026-10/096_lampes-de-table-design-personnage.jpeg,False,True
ML-WA-097,Lampe de table cristal,Ampoules & lampes,Lampe de table cristal. Visuel produit MAGIC LIGHT.,,False,0,/assets/products/wa-2026-10/097_lampe-de-table-cristal.jpeg,False,True
ML-WA-099,Lampe de table chrome dôme,Ampoules & lampes,Lampe de table chrome dôme. Visuel produit MAGIC LIGHT.,,False,0,/assets/products/wa-2026-10/099_lampe-de-table-chrome-dome.jpeg,False,True
ML-WA-100,Lampe de bureau bois noir / blanc,Ampoules & lampes,Lampe de bureau bois noir / blanc. Visuel produit MAGIC LIGHT.,,False,0,/assets/products/wa-2026-10/100_lampe-de-bureau-bois-noir-blanc.jpeg,False,True
ML-WA-110,Appliques murales extérieures grille,Éclairage extérieur,Appliques murales extérieures grille. Visuel produit MAGIC LIGHT.,,False,0,/assets/products/wa-2026-10/110_appliques-murales-exterieures-grille.jpeg,False,True
ML-WA-113,Plafonnier LED design moderne,Éclairage professionnel,Plafonnier LED design moderne. Visuel produit MAGIC LIGHT.,,False,0,/assets/products/wa-2026-10/113_plafonnier-led-design-moderne.jpeg,False,True
ML-WA-114,LED Downlight extérieur,Spots & Downlights,LED Downlight extérieur. Visuel produit MAGIC LIGHT.,,False,0,/assets/products/wa-2026-10/114_led-downlight-exterieur.jpeg,False,True
ML-WA-115,Système linéaire suspendu,Lustres & suspensions,Système linéaire suspendu. Visuel produit MAGIC LIGHT.,,False,0,/assets/products/wa-2026-10/115_systeme-lineaire-suspendu.jpeg,False,True
ML-WA-116,Caméra solaire PTZ Tiandy 4G,Sécurité & surveillance,Caméra solaire PTZ Tiandy 4G. Visuel produit MAGIC LIGHT.,,False,0,/assets/products/wa-2026-10/116_camera-solaire-ptz-tiandy-4g.jpeg,False,True
ML-WA-PANEL-001,Panels LED — gamme,Plafonniers & panneaux LED,Gamme de panels LED pour éclairage intérieur.,,False,0,/assets/products/wa-2026-10/118_panels-led-magic-light-gamme.jpeg,False,True
ML-WA-119,Caméra 4G solaire PTZ Tiandy 2MP,Sécurité & surveillance,Caméra 4G solaire PTZ Tiandy 2MP. Visuel produit MAGIC LIGHT.,,False,0,/assets/products/wa-2026-10/119_camera-4g-solaire-ptz-tiandy-2mp.jpeg,False,True
ML-WA-120,Contrôleur / protecteur électrique TC-H333X 9DA-4,Accessoires électriques,Contrôleur / protecteur électrique TC-H333X 9DA-4. Visuel produit MAGIC LIGHT.,,False,0,/assets/products/wa-2026-10/120_controleur-protecteur-electrique-tc-h333x-9da-4.jpeg,False,True
ML-WA-121,Kit interphone SOMEF 1 poste,Sécurité & surveillance,Kit interphone SOMEF 1 poste. Visuel produit MAGIC LIGHT.,,False,0,/assets/products/wa-2026-10/121_kit-interphone-somef-1-poste.jpeg,False,True
ML-WA-122,Lampadaire solaire New Sky Power,Éclairage solaire,Lampadaire solaire New Sky Power. Visuel produit MAGIC LIGHT.,,False,0,/assets/products/wa-2026-10/122_lampadaire-solaire-new-sky-power.jpeg,False,True
ML-WA-123,Applique murale extérieure moderne,Éclairage extérieur,Applique murale extérieure moderne. Visuel produit MAGIC LIGHT.,,False,0,/assets/products/wa-2026-10/123_applique-murale-exterieure-moderne.jpeg,False,True
ML-WA-124,Suspension LED design moderne,Lustres & suspensions,Suspension LED design moderne. Visuel produit MAGIC LIGHT.,,False,0,/assets/products/wa-2026-10/124_suspension-led-design-moderne.jpeg,False,True
ML-WA-125,Caméra Tiandy TC-H333N,Sécurité & surveillance,Caméra Tiandy TC-H333N. Visuel produit MAGIC LIGHT.,,False,0,/assets/products/wa-2026-10/125_camera-tiandy-tc-h333n.jpeg,False,True
ML-WA-126,Caméra solaire Tiandy TC-H333X 9DA-4,Sécurité & surveillance,Caméra solaire Tiandy TC-H333X 9DA-4. Visuel produit MAGIC LIGHT.,,False,0,/assets/products/wa-2026-10/126_camera-solaire-tiandy-tc-h333x-9da-4.jpeg,False,True
ML-WA-127,Caméra solaire Tiandy TC-H3650 9DA-4,Sécurité & surveillance,Caméra solaire Tiandy TC-H3650 9DA-4. Visuel produit MAGIC LIGHT.,,False,0,/assets/products/wa-2026-10/127_camera-solaire-tiandy-tc-h3650-9da-4.jpeg,False,True
ML-WA-129,Caméra Wi‑Fi extérieure Tiandy TC-H353N,Sécurité & surveillance,Caméra Wi‑Fi extérieure Tiandy TC-H353N. Visuel produit MAGIC LIGHT.,,False,0,/assets/products/wa-2026-10/129_camera-wifi-exterieure-tiandy-tc-h353n.jpeg,False,True
ML-WA-130,Caméra extérieure Tiandy 2MP,Sécurité & surveillance,Caméra extérieure Tiandy 2MP. Visuel produit MAGIC LIGHT.,,False,0,/assets/products/wa-2026-10/130_camera-exterieure-tiandy-2mp.jpeg,False,True
ML-WA-135,Interphone Akuvox + SOMEF,Accessoires électriques,Interphone Akuvox + SOMEF. Visuel produit MAGIC LIGHT.,,False,0,/assets/products/wa-2026-10/135_interphone-akuvox-somef.jpeg,False,True
ML-WA-137,Disjoncteurs Schneider Electric,Accessoires électriques,Disjoncteurs Schneider Electric. Visuel produit MAGIC LIGHT.,,False,0,/assets/products/wa-2026-10/137_disjoncteurs-schneider-electric.jpeg,False,True
ML-WA-138,Coffret Hager 3 rangées — 36 modules IP30,Accessoires électriques,Coffret Hager 3 rangées — 36 modules IP30. Visuel produit MAGIC LIGHT.,,False,0,/assets/products/wa-2026-10/138_coffret-hager-3-rangees-36-modules-ip30.jpeg,False,True
ML-WA-SOMEF-IP55-001,Prise étanche IP55 SOMEF,Accessoires électriques,"Prise étanche IP55 SOMEF, plusieurs finitions disponibles.",,False,0,/assets/products/wa-2026-10/147_prise-etanche-ip55-somef-noir-orange.jpeg,False,True
ML-WA-AKUVOX-001,Kit interphone Akuvox Connect Plus,Sécurité & surveillance,Kit interphone vidéo Akuvox Connect Plus avec écran et unité extérieure.,,False,0,/assets/products/wa-2026-10/151_kit-akuvox-connect-plus.jpeg,False,True
ML-WA-GU10-001,GU10 Recessed Spot,Spots & Downlights,Spot encastrable GU10 au design moderne.,,False,0,/assets/products/wa-2026-10/156_gu10-recessed-spot-visuel-1.jpeg,False,True
ML-WA-159,LED Downlight 30W,Spots & Downlights,LED Downlight 30W. Visuel produit MAGIC LIGHT.,,False,0,/assets/products/wa-2026-10/159_led-downlight-30w.jpeg,False,True
ML-WA-161,Lustre moderne géométrique,Lustres & suspensions,Lustre moderne géométrique. Visuel produit MAGIC LIGHT.,,False,0,/assets/products/wa-2026-10/161_lustre-moderne-geometrique.jpeg,False,True
ML-WA-163,Applique extérieure lanterne,Éclairage extérieur,Applique extérieure lanterne. Visuel produit MAGIC LIGHT.,,False,0,/assets/products/wa-2026-10/163_applique-exterieure-lanterne.jpeg,False,True
ML-WA-164,LED Step Light 3W / 270 lm,Spots & Downlights,LED Step Light 3W / 270 lm. Visuel produit MAGIC LIGHT.,,False,0,/assets/products/wa-2026-10/164_led-step-light-3w-270-lm.jpeg,False,True
ML-WA-165,Luminaire LED industriel rond,Éclairage professionnel,Luminaire LED industriel rond. Visuel produit MAGIC LIGHT.,,False,0,/assets/products/wa-2026-10/165_luminaire-led-industriel-rond.jpeg,False,True
ML-WA-169,Appliques murales design sculptural,Éclairage extérieur,Appliques murales design sculptural. Visuel produit MAGIC LIGHT.,,False,0,/assets/products/wa-2026-10/169_appliques-murales-design-sculptural.jpeg,False,True
ML-WA-170,Applique extérieure noire moderne,Éclairage extérieur,Applique extérieure noire moderne. Visuel produit MAGIC LIGHT.,,False,0,/assets/products/wa-2026-10/170_applique-exterieure-noire-moderne.jpeg,False,True
ML-WA-171,Lustre moderne à globes — grand modèle,Lustres & suspensions,Lustre moderne à globes — grand modèle. Visuel produit MAGIC LIGHT.,,False,0,/assets/products/wa-2026-10/171_lustre-moderne-a-globes-grand-modele.jpeg,False,True
ML-WA-174,Visiophone / sonnette vidéo,Sécurité & surveillance,Visiophone / sonnette vidéo. Visuel produit MAGIC LIGHT.,,False,0,/assets/products/wa-2026-10/174_visiophone-sonnette-video.jpeg,False,True
ML-WA-175,PAR LED RGB événementiel,Éclairage professionnel,PAR LED RGB événementiel. Visuel produit MAGIC LIGHT.,,False,0,/assets/products/wa-2026-10/175_par-led-rgb-evenementiel.jpeg,False,True
ML-WA-180,Spots LED pour meubles / placards,Spots & Downlights,Spots LED pour meubles / placards. Visuel produit MAGIC LIGHT.,,False,0,/assets/products/wa-2026-10/180_spots-led-pour-meubles-placards.jpeg,False,True
ML-WA-183,Lampadaire solaire 400W réverbère,Éclairage solaire,Lampadaire solaire 400W réverbère. Visuel produit MAGIC LIGHT.,,False,0,/assets/products/wa-2026-10/183_lampadaire-solaire-400w-reverbere.jpeg,False,True
ML-WA-186,Suspension LED — Promo,Lustres & suspensions,Suspension LED — Promo. Visuel produit MAGIC LIGHT.,,False,0,/assets/products/wa-2026-10/186_suspension-led-promo.jpeg,False,True
ML-WA-192,Spots linéaires sur rail,Spots & Downlights,Spots linéaires sur rail. Visuel produit MAGIC LIGHT.,,False,0,/assets/products/wa-2026-10/192_spots-lineaires-sur-rail.jpeg,False,True
ML-WA-195,Kit LED complet avec télécommande,Rubans & RGB,Kit LED complet avec télécommande. Visuel produit MAGIC LIGHT.,,False,0,/assets/products/wa-2026-10/195_kit-led-complet-avec-telecommande.jpeg,False,True
ML-WA-198,Ruban LED COB 8 mm — rouleau 100 m,Rubans & RGB,Ruban LED COB 8 mm — rouleau 100 m. Visuel produit MAGIC LIGHT.,,False,0,/assets/products/wa-2026-10/198_ruban-led-cob-8-mm-rouleau-100-m.jpeg,False,True
